id,name,position,salary,hire_date
1,Monica Dominguez,Sales,38568.49,2022-07-28
2,Joann Torres,Developer,58822.47,2019-08-02
3,Mr. Robert Snyder,Developer,111143.1,2022-11-05
4,Nicole Oconnor,Developer,110740.21,2024-06-27
5,Teresa Morales,Sales,116718.39,2021-08-27
6,Allison Brown,Sales,68458.19,2017-03-24
7,Scott Fitzgerald,Sales,35217.2,2022-03-28
8,Glenn Underwood,Analyst,30198.81,2017-09-24
9,Kristopher Aguilar,Analyst,58936.5,2018-03-08
10,Allison Romero DVM,HR,51792.35,2023-02-13
11,Jamie Carter,Analyst,62593.52,2021-12-13
12,Jose Brown,HR,32784.29,2018-12-04
13,Dustin Allen,Manager,114071.68,2021-10-26
14,Mary Hunter,Developer,35687.92,2020-04-10
15,Adam Park,Developer,39166.45,2023-11-12
16,Jacqueline Ibarra,HR,78341.34,2021-02-10
17,Sharon Ross MD,Analyst,102476.19,2017-02-28
18,Mr. Jonathan Bell,Manager,73442.42,2020-10-21
19,Ronnie Ramsey,Manager,60503.13,2022-08-27
20,Carol Brennan,Developer,102923.11,2021-12-25
21,James Mercado,Analyst,80938.58,2019-11-05
22,Megan Jenkins,Manager,48045.46,2021-01-25
23,Terri Hanson,Analyst,119266.26,2022-08-22
24,Stephanie Acevedo,Developer,100072.14,2024-10-31
25,Michael Williams,Sales,82876.16,2019-05-08
26,Jodi Garrison,Manager,84116.43,2021-06-21
27,Joseph Graham,Manager,112007.12,2021-12-28
28,Kenneth Blanchard,Analyst,114175.68,2018-04-03
29,James Gonzalez,Manager,117636.65,2024-11-02
30,Max Newman,Manager,81276.55,2021-08-23
31,Pamela Miles,Developer,56437.11,2017-04-08
32,Dustin Nash,Developer,74590.08,2022-06-10
33,Joshua Murillo,Developer,117898.81,2021-05-08
34,Troy Gibbs,Sales,57757.57,2021-08-07
35,Mary Mcgee,HR,35304.99,2021-02-20
36,Daniel Carson,HR,67630.99,2020-06-02
37,Tristan Olson,Sales,106106.8,2017-05-30
38,Christina Bautista,Manager,67931.9,2015-10-22
39,Julie Allen,Developer,82438.94,2019-09-15
40,William Parker,Manager,119775.66,2019-03-21
41,Jimmy Meza,Analyst,84329.6,2020-10-27
42,Susan Mercado,Developer,79657.75,2019-10-10
43,Nathan Quinn,Sales,75205.13,2023-07-09
44,Jackie Wilson,HR,36069.91,2021-11-20
45,Jason Brown,Manager,43748.25,2023-06-01
46,Robert Stokes,Analyst,115557.14,2017-09-01
47,Brittany Jones,Manager,113333.92,2016-07-19
48,Taylor Rodriguez,HR,54868.23,2019-09-20
49,Chad Bauer,Analyst,63137.27,2023-04-07
50,Michelle Robles,Developer,38736.15,2017-11-06
51,Erica Velasquez,Manager,90976.52,2017-05-31
52,Cheryl Bell,Developer,34201.33,2023-02-10
53,Christopher Gallagher,Sales,55410.12,2016-03-01
54,Emma Rivas,Manager,117819.75,2016-04-05
55,Megan Mendoza,Developer,78595.59,2023-03-05
56,Julie Harris,Analyst,55184.38,2021-03-14
57,Jessica Morrison,Sales,64315.18,2016-09-12
58,Denise Curtis,Analyst,41255.42,2016-04-21
59,Thomas Johnson,Manager,101295.23,2020-01-19
60,Robert Lee,Manager,52021.56,2019-11-22
61,Dana Allen DDS,Sales,59035.84,2017-10-31
62,Michael Adams,Analyst,72690.84,2024-10-11
63,Beth Smith,Sales,52753.65,2023-09-13
64,Beth Miller,Developer,56277.54,2022-02-19
65,Alexander Brown,Analyst,47029.48,2023-12-27
66,Amanda Bell,Analyst,30020.36,2020-04-12
67,Nicholas Tran,Sales,117211.99,2020-05-11
68,Adam Mcguire,Developer,107816.08,2020-12-03
69,Alicia Poole,Analyst,68397.86,2024-04-24
70,Jacob Griffith,Developer,40482.47,2017-05-06
71,Nicole Snow,Manager,64957.42,2024-11-10
72,Michael Burns,HR,73114.13,2020-06-13
73,Shelby Jenkins,Manager,49048.62,2016-07-12
74,Chris Davidson,Developer,114734.73,2015-11-28
75,Laura Hodges,Sales,31182.14,2017-06-28
76,Nancy Smith,Manager,88305.71,2022-06-02
77,Herbert Miller,Sales,109074.52,2016-01-19
78,Teresa Hernandez,Developer,67379.79,2024-12-04
79,Sean Gibson,HR,110091.5,2016-07-28
80,Jimmy Gamble DDS,Developer,115414.04,2016-01-22
81,Brittany Thomas,Manager,59605.75,2022-01-24
82,Christopher Fritz,Manager,113549.53,2022-06-12
83,Allison Hughes,Developer,51130.75,2015-07-20
84,Brianna Arroyo,Manager,51943.54,2024-12-13
85,Johnathan Perez,Developer,99376.72,2016-01-19
86,David Olsen,Developer,101701.09,2020-07-03
87,Laura Travis,Sales,106399.87,2019-02-18
88,Laura Garcia,Sales,75637.28,2024-06-27
89,Lisa Humphrey,HR,42630.03,2021-07-20
90,Robert Foster,Sales,95969.23,2020-02-16
91,Michael Marshall,Sales,113200.36,2023-10-10
92,Megan Terry,Developer,31566.33,2024-11-14
93,Kevin Lambert,Sales,60394.06,2017-07-13
94,Jenna Conley,Analyst,66209.28,2021-08-25
95,Joseph Guzman,Analyst,103120.64,2025-03-22
96,Sara Benitez MD,HR,112540.0,2024-10-06
97,Kathleen Lowe,Manager,37684.41,2019-09-19
98,Janet Dennis,Manager,107339.14,2018-01-19
99,Erin Lopez,Sales,83268.77,2020-02-27
100,James Daniel,HR,114203.86,2022-08-10
101,Mark Williams,Analyst,48000.98,2021-02-10
102,Christopher Hill,HR,75465.37,2022-01-19
103,James Williams,Developer,77881.97,2019-11-27
104,Tyler Jackson,HR,39174.25,2017-10-23
105,Timothy Martinez,Developer,86112.79,2024-09-27
106,Nicholas Stephens,Analyst,88555.65,2017-11-09
107,Patrick Hudson,HR,85582.42,2019-09-28
108,John Price,Developer,76934.61,2017-04-07
109,Daniel Weeks,Manager,78653.2,2017-12-14
110,Ashley Shepherd,Developer,52329.08,2025-04-21
111,Jeffrey Palmer,Developer,31214.18,2016-10-14
112,Jennifer Bartlett,Manager,52904.47,2023-10-15
113,Adriana Smith,Sales,86066.64,2019-12-25
114,Brian Le IV,HR,42240.62,2021-10-14
115,Christopher Davis,Analyst,33717.26,2019-04-05
116,Matthew Key,Manager,90582.91,2023-02-18
117,Jordan Edwards,Analyst,83457.04,2023-02-26
118,Brandon Brown,Manager,94372.73,2018-10-25
119,Joseph Fox,Manager,118349.52,2025-02-16
120,Andrew Hayes,HR,103383.62,2024-04-22
121,Dale Rogers,Analyst,59213.92,2024-07-15
122,Valerie Thomas,Developer,111365.25,2017-08-02
123,Jocelyn Clarke,Manager,75746.8,2016-08-14
124,Amy Rodriguez,Analyst,77477.77,2019-01-16
125,Frank Stone,Developer,60467.8,2017-09-15
126,Kristin Knapp,HR,102097.23,2019-07-20
127,Ashley Morales,Sales,35254.67,2023-10-31
128,Sara Smith,Analyst,96492.99,2021-12-18
129,Michelle Mcbride,Manager,46952.58,2019-08-19
130,Scott Bowers,Manager,61652.2,2020-08-26
131,James Acosta,Manager,80456.32,2022-12-23
132,Amber Fry,Analyst,71209.44,2018-05-31
133,Kimberly Shannon,Developer,116058.79,2020-08-22
134,Julia Carrillo,Manager,115312.65,2019-01-05
135,Taylor Dixon,Analyst,72925.9,2020-06-03
136,Jamie Coleman III,Manager,80653.9,2021-07-22
137,Jesse Evans,Sales,113526.67,2016-11-01
138,Raymond Freeman,Developer,59903.0,2016-12-20
139,Elizabeth Chen,Manager,86346.15,2019-04-16
140,Jonathan Bridges,Analyst,101725.88,2016-06-06
141,Mckenzie Irwin,Developer,71560.84,2018-10-18
142,Charles Snyder,Manager,87401.23,2023-03-14
143,Sarah Bates,Developer,44972.11,2025-04-06
144,Eric Martinez,Analyst,112416.81,2018-03-22
145,Sharon Garza,Sales,58130.45,2017-01-08
146,Penny Howard,Sales,119951.92,2021-12-19
147,Ethan Burke,Developer,52464.49,2023-04-22
148,Jesus Murphy,Developer,116260.99,2022-06-27
149,Jody Bell,Developer,106000.74,2020-08-18
150,Rodney Simpson,HR,69946.73,2019-02-07
151,Wesley Coleman,Developer,112456.05,2019-01-19
152,Dawn Williams,Sales,55081.14,2019-07-13
153,Logan Adkins,Analyst,79060.93,2022-02-28
154,Karen Crane,Sales,71084.91,2024-09-24
155,Catherine Keller,Developer,60483.31,2016-09-02
156,Micheal Berger,Developer,73687.44,2023-07-15
157,Cindy Hill,Manager,69402.36,2022-01-18
158,Chad Arroyo,Manager,72210.62,2020-10-06
159,Sharon Moreno,HR,35577.49,2025-06-12
160,Kelly Gonzales,Analyst,110972.86,2021-07-02
161,Christine Lopez,Sales,42654.34,2020-07-14
162,John Medina,Sales,104347.67,2018-10-26
163,Natasha Scott,HR,48175.54,2025-03-22
164,Javier Watts,Developer,43365.9,2019-04-12
165,Dennis Fuentes,Developer,79402.07,2021-06-18
166,Yolanda Hernandez,HR,89270.43,2020-06-26
167,Lori Best,Analyst,52816.07,2019-07-11
168,Brian Lindsey,Manager,32413.13,2021-12-06
169,Angela Johnson,Sales,63553.22,2024-06-28
170,Michelle Hudson,Developer,65116.04,2018-04-04
171,Elizabeth Foster,Developer,110746.33,2016-11-07
172,Bruce Weaver,Analyst,42078.51,2020-12-28
173,Kristin Compton,Analyst,88299.44,2024-03-22
174,Jared Bates,Manager,71086.04,2016-07-29
175,Jack Mann,Manager,115317.88,2023-01-22
176,Natalie Peterson,Manager,95923.6,2021-04-15
177,Pamela Norris,Sales,57961.57,2015-07-30
178,Angela Bright,Analyst,63137.53,2019-01-12
179,James Franco,Developer,30773.46,2016-08-16
180,Thomas Williams,HR,111186.72,2022-04-08
181,Christy Sanchez,Developer,48888.11,2021-05-10
182,Zoe Stevens,HR,81911.74,2018-04-20
183,John Whitney,Developer,63375.16,2016-05-05
184,Juan Clarke,Manager,54131.56,2023-08-04
185,Amanda Smith,HR,54343.49,2016-02-03
186,Elizabeth Matthews,Manager,102650.26,2015-11-06
187,Amanda Taylor,Developer,50790.88,2016-03-15
188,Dennis Jackson,HR,47913.99,2021-02-25
189,Amy Gonzalez,Analyst,99575.97,2023-05-11
190,Drew Peterson,Manager,31702.5,2017-09-19
191,Jeffrey Hoffman,Manager,85415.99,2017-09-24
192,Adam Mercer,Developer,65649.04,2021-07-12
193,Michael Murphy,Manager,71322.37,2015-11-14
194,William Duke,HR,38348.3,2018-10-26
195,Gerald Turner,Manager,93820.13,2025-04-19
196,Jeffrey Carlson,Sales,91520.33,2021-01-22
197,Daniel Alexander,Developer,101508.78,2017-04-01
198,Angel Tate,Manager,89454.09,2016-06-29
199,Mr. Brian Ramirez,Sales,65159.83,2018-05-02
200,Richard Rice,Analyst,47854.25,2015-08-06
201,Richard Shelton,Manager,77303.83,2017-06-23
202,Devon Stewart,Sales,96450.47,2019-05-17
203,Lindsey Butler,Manager,116997.18,2018-08-02
204,Katelyn Hunt,Analyst,54214.41,2019-11-14
205,Kevin Cobb,Manager,82622.04,2024-08-25
206,Jerry Stewart,HR,47181.14,2016-06-02
207,David Warren,Analyst,65173.21,2024-03-24
208,Claire Smith,HR,49803.93,2019-11-04
209,Andrea Banks,Manager,51044.47,2018-08-26
210,Taylor Bautista,Sales,65741.12,2017-05-26
211,Sarah Diaz,Analyst,79578.56,2022-02-07
212,Ashley Long,Analyst,73070.7,2017-04-13
213,Katherine Gonzalez,Sales,54322.32,2023-06-12
214,Paul Taylor,Developer,58902.49,2022-12-03
215,Keith Sims,Analyst,102366.55,2019-02-27
216,Justin Carter,Developer,44309.97,2016-02-10
217,Cody Jacobson,Developer,72643.39,2023-12-09
218,Holly Sandoval,HR,83015.32,2019-06-04
219,Laura Garcia,HR,88756.37,2021-12-10
220,Mitchell Caldwell,HR,81330.7,2023-12-12
221,Valerie Edwards,Sales,113739.9,2024-06-04
222,Beth Chambers,Developer,51600.57,2019-09-09
223,Ashley Fuller,Manager,112846.93,2016-11-05
224,Gregory Lynn,HR,119518.52,2022-10-31
225,Andrew Mitchell,Manager,83437.18,2018-06-23
226,Brittany Wright,Manager,118701.55,2021-10-30
227,Lindsey White MD,Sales,74916.75,2022-06-02
228,William Hill,Sales,41001.78,2019-11-15
229,Christina King,HR,53626.88,2016-08-01
230,Tara Bishop,HR,48080.78,2018-03-13
231,Frances Joseph,Developer,111361.4,2019-02-02
232,Nicholas Blake,Manager,49391.54,2022-03-14
233,Kristen Maddox,Sales,39371.17,2017-01-06
234,Elizabeth Scott,Analyst,47820.12,2024-10-31
235,Brandy Mcdonald,HR,91859.74,2019-12-10
236,Sara Grant MD,Developer,55204.16,2022-07-29
237,Nathan York,Manager,57313.02,2018-10-19
238,Ashley Jackson,Manager,61342.41,2023-07-22
239,Roberta Mullins,Developer,99993.51,2021-12-20
240,George Jones,Manager,86245.15,2017-12-12
241,Kristine Bell,Sales,110097.35,2019-08-06
242,Rebecca Watson,Analyst,69007.99,2024-10-04
243,Mackenzie Hill,Analyst,103730.74,2024-12-15
244,Kayla Tyler,HR,35447.33,2015-08-31
245,Frank Guerrero,Manager,118387.82,2021-11-15
246,Benjamin Knight,Sales,53740.04,2023-07-27
247,Cory Cole,HR,117865.97,2021-02-11
248,Scott Ross,HR,112894.33,2019-11-20
249,George Torres,Manager,51781.46,2020-09-17
250,Christina Williams,Sales,43699.2,2018-08-05
251,Heather Anderson,Sales,100913.59,2022-02-04
252,Charlotte Foster,Analyst,43383.1,2019-02-08
253,Ronald Phillips,Sales,116697.35,2023-06-24
254,Rachael Walker,Manager,87706.52,2022-10-14
255,Todd Smith,Developer,78209.71,2019-08-03
256,Alexandra Young,Manager,52408.81,2017-04-06
257,Jenny Holland,Manager,109884.09,2019-08-02
258,James Johnson,Developer,41958.07,2021-05-25
259,Debra Roberts,Sales,64965.21,2024-03-21
260,Tammy Martinez,Manager,45353.84,2023-07-04
261,Michael Lamb,HR,91720.66,2015-07-02
262,James Gomez,HR,107890.62,2023-10-24
263,Evan Singh,Analyst,97178.15,2022-01-17
264,Regina Alvarez,Sales,51575.37,2016-07-29
265,Jonathan King,HR,109956.38,2019-10-18
266,Kevin Burke,Sales,118600.41,2021-01-14
267,Amanda Garrett,Sales,60391.49,2024-09-16
268,Justin Taylor,Sales,42544.55,2025-05-12
269,Jonathan Brown,HR,41773.76,2020-11-17
270,Laurie Allen,Developer,73497.84,2023-09-02
271,Brandy Frank,Manager,58490.75,2018-11-07
272,Paul Reeves,Developer,114290.44,2024-05-29
273,George Martinez,Sales,102041.36,2022-05-19
274,Jeffrey David,Analyst,30970.1,2023-03-08
275,Yolanda Liu,HR,46250.99,2017-08-29
276,Michael Anderson,Analyst,114370.4,2020-11-19
277,Donna Boyer,Analyst,62912.11,2020-12-08
278,Miranda Wolfe,Sales,41373.08,2022-01-29
279,Andrea Marquez,Manager,67085.32,2021-01-21
280,Michelle Reed,Manager,59663.77,2020-08-24
281,Natasha Joyce,Sales,117645.3,2018-05-26
282,Donald Young,Analyst,82172.79,2025-03-27
283,Tony Adkins,Sales,55607.38,2023-11-06
284,Stacy Hansen,HR,103001.11,2023-10-28
285,Angela Sutton,Sales,118124.83,2020-06-02
286,Charles Stephenson,HR,55632.87,2021-11-21
287,Diane Carrillo,Sales,118113.63,2020-02-23
288,Jacob Sims,HR,54673.47,2015-08-31
289,Micheal Dyer,HR,36894.97,2019-10-07
290,Tiffany Davis,Analyst,76506.96,2016-11-13
291,Deborah Hall,Analyst,35942.07,2017-08-20
292,Jeffrey Williams,HR,97748.83,2020-03-31
293,Steve Franklin,Developer,66766.35,2025-04-09
294,Shawn Sawyer,Sales,32960.69,2019-10-04
295,Rodney Smith,HR,88218.28,2019-11-18
296,Meghan Dennis,Developer,101245.84,2023-02-06
297,Dr. Joel Johnson,Manager,112479.93,2022-09-02
298,Benjamin Sullivan,Developer,95251.03,2016-07-22
299,Richard Schneider,Developer,32808.87,2022-04-26
300,Bobby Baxter,Sales,75504.03,2018-12-24
301,Curtis Lopez,Developer,95290.34,2023-08-20
302,Eric Peters,HR,77438.31,2016-07-14
303,Lisa Russell,Sales,106700.65,2023-03-22
304,Courtney Schroeder,HR,47387.1,2024-11-27
305,Jasmine Marsh,Manager,64307.32,2025-01-23
306,Andrew Smith,Manager,71782.16,2023-08-17
307,Kim Valentine,Analyst,35000.56,2024-08-05
308,Robert Rodriguez,Manager,31350.26,2018-03-24
309,Steven Mitchell,Analyst,81955.68,2015-09-17
310,Tracey George,Analyst,95358.46,2018-01-30
311,Michelle Brown,Developer,85395.45,2023-01-20
312,Alexander Sullivan,Manager,38962.9,2022-09-11
313,Bryan Brown,Manager,76597.52,2022-05-20
314,Michael May,Developer,38891.79,2021-10-31
315,Kyle Kim,Sales,93808.55,2015-11-06
316,Thomas Johnson,Analyst,116833.96,2022-03-17
317,Karina Henry,Developer,112372.2,2025-03-18
318,Sean Collins,Sales,44807.89,2022-09-20
319,Kevin Brown,Analyst,72831.92,2022-07-25
320,Elijah Smith,Sales,56036.84,2020-04-22
321,Jacqueline Coffey,Developer,53316.1,2019-08-20
322,John Sanchez,Manager,45575.42,2016-12-19
323,Miguel Brown,Manager,104853.45,2024-11-16
324,Jose Rosales,Manager,39625.83,2023-09-11
325,Samuel Wood,Developer,89272.46,2020-07-30
326,Shannon Obrien,Analyst,57420.57,2022-09-10
327,Joseph Montgomery,Sales,109470.51,2022-02-13
328,Noah Fuller,Sales,97269.59,2015-12-16
329,Brandon Huff,Analyst,40125.38,2023-05-31
330,Brittany Lawson,Analyst,37404.09,2021-10-26
331,Andrew Schmidt,Developer,106973.51,2018-03-03
332,Gregory Gonzales,HR,86648.04,2021-12-19
333,Gregory Lewis,Manager,67435.8,2023-01-04
334,Dorothy Glass,HR,101760.5,2025-03-06
335,Richard Bruce,HR,116032.19,2021-02-22
336,William Patel,Sales,108970.59,2016-10-18
337,Sandra Wade,Manager,84381.64,2019-09-05
338,Cole Kelley,Sales,72354.44,2016-01-26
339,Sheila Nichols,HR,112919.73,2020-10-18
340,Elizabeth Walker,Manager,69321.78,2016-04-25
341,Deanna Sherman,Sales,48800.82,2016-11-26
342,Steven Powell,HR,34828.12,2020-11-03
343,Holly Bond,Analyst,100893.32,2022-07-16
344,Devon Davis,Sales,48834.92,2019-01-05
345,Cynthia Garcia,HR,55262.99,2020-06-01
346,Michael Deleon,HR,87590.94,2021-09-07
347,Vanessa Jensen,Manager,95726.98,2021-12-20
348,Benjamin Hall,HR,90543.55,2016-02-03
349,Terry Torres,Manager,102060.02,2021-11-13
350,Stephen Townsend Jr.,Analyst,31079.31,2016-05-18
351,Marilyn Fox,Manager,118842.68,2017-12-14
352,Michele Evans,Sales,83735.41,2022-07-31
353,Sarah Davis,HR,100269.12,2023-04-29
354,Dr. Susan Travis MD,Analyst,118758.48,2017-01-17
355,Kimberly Cherry,Developer,39369.87,2023-08-04
356,Dr. Mary Martinez,Analyst,89957.79,2024-07-09
357,Terry Barnett III,Sales,119863.21,2023-05-15
358,Emily Rodriguez,Developer,40750.2,2024-02-28
359,Christine Ashley,HR,92061.06,2018-05-15
360,Erin Preston,Manager,83366.51,2017-05-27
361,Tracey Stevens,Sales,48336.81,2025-05-22
362,Tina Miles,Sales,87397.32,2019-10-29
363,Darin Ortiz,Manager,111427.21,2016-02-09
364,Jeffrey Kirby,Developer,39685.09,2022-04-04
365,Victoria Mitchell,Manager,102315.01,2024-10-07
366,Allen Burch,Manager,94818.51,2016-04-07
367,Matthew Bridges,Developer,86398.94,2025-01-26
368,Jerry Norton,Developer,110816.92,2018-11-04
369,Erica Mcclure,HR,50957.52,2021-01-16
370,Bobby Wade,HR,52530.8,2021-04-10
371,Michael Henry,Manager,118871.9,2022-11-23
372,Lynn Johnson,HR,44298.65,2022-06-03
373,Robert Webster,Developer,73611.91,2024-02-02
374,Alexander Martin,Sales,91027.3,2017-08-03
375,Joseph Hayes,Manager,63425.89,2018-12-17
376,Derrick Perry,Manager,31366.7,2018-01-22
377,Jessica Dominguez,Analyst,87407.07,2017-11-20
378,Katherine Gomez,Developer,116071.71,2022-06-05
379,Robert Williams,Manager,63339.29,2023-01-17
380,Taylor Smith,HR,108022.31,2017-12-15
381,Jennifer Martinez,HR,104308.87,2024-03-18
382,Mrs. Stephanie Peck,Analyst,97288.57,2016-02-01
383,Noah Contreras DDS,Manager,87524.39,2024-04-30
384,Daniel Wilson,Developer,115559.34,2025-01-27
385,Jessica Baker,HR,90056.47,2023-10-31
386,Tyler Stuart,Developer,59395.49,2017-07-15
387,Sally Davis,HR,35064.44,2024-04-30
388,Beth Martinez,Sales,77393.59,2023-02-13
389,Garrett Garcia,Manager,102814.27,2019-07-15
390,Timothy Young,Sales,88555.04,2022-10-11
391,Jonathan Williams,HR,86827.32,2025-04-06
392,Laura Rogers,Manager,83946.24,2023-10-05
393,Richard Maynard,Developer,68515.42,2022-05-25
394,Ricardo Mayer,Developer,90465.8,2016-05-19
395,Ashley Lynn,Manager,32958.34,2018-08-08
396,Danielle Choi,Sales,35791.63,2018-04-05
397,Charles Wilson,Analyst,33265.32,2020-08-11
398,Gloria Campbell,HR,110645.1,2016-08-31
399,Crystal Gray,HR,36627.09,2017-10-13
400,Dominique Smith,HR,98791.64,2020-03-14
401,Eric Clark,Analyst,74365.24,2022-11-12
402,Karla Cummings,Developer,35918.45,2018-04-18
403,John Torres,Manager,115387.55,2018-11-18
404,Brian White,Sales,54307.52,2017-03-08
405,Paul Conley,HR,101733.21,2016-01-29
406,Brenda Chandler,Manager,119801.41,2022-04-06
407,Sarah Myers,Analyst,84525.45,2023-11-20
408,Rebecca Castaneda,Sales,111027.36,2024-01-04
409,George Lyons,Manager,77442.92,2018-08-29
410,Nicholas Poole,Analyst,112970.63,2022-07-17
411,Johnny Hughes,Analyst,43275.73,2024-12-15
412,Mary Smith,Sales,41580.86,2021-02-28
413,Anna Carter,Analyst,33224.06,2019-02-01
414,Julia Evans,Manager,59293.4,2020-11-28
415,Jason Smith,Manager,41422.66,2017-01-14
416,Tasha Baxter,Analyst,69221.39,2016-11-18
417,Nathan Crosby,Sales,93919.53,2019-08-19
418,Maureen Johnson,Developer,85119.74,2021-12-21
419,Elizabeth Zuniga,HR,98690.78,2017-06-28
420,Amber Hicks,Sales,119567.05,2018-07-01
421,Amanda Moon,Sales,42407.57,2022-03-15
422,Donald Rodriguez,Sales,109398.52,2021-11-12
423,Jose Fernandez,HR,69651.52,2021-11-15
424,Anthony Daniel,Analyst,73158.25,2023-01-29
425,Tammy Ballard,Analyst,42633.72,2016-03-31
426,Brandon Ramos,Analyst,50971.96,2016-11-24
427,Peter Brown,HR,46585.05,2021-02-23
428,Jennifer Steele,Manager,76108.42,2021-09-29
429,Kyle Neal,Developer,118633.27,2018-02-12
430,Linda Day,HR,99317.56,2016-02-08
431,Edward Sanchez,Developer,98453.21,2023-04-05
432,Mary Wong,Sales,61971.98,2019-03-11
433,Michael Banks,Sales,31792.72,2024-08-05
434,Donna Hendricks,HR,58124.55,2018-01-12
435,Mary Young,HR,107418.2,2019-01-15
436,Ryan Gomez,HR,82351.22,2019-05-02
437,Laura Hernandez,Sales,111988.85,2021-11-18
438,Kelly Miller,HR,35543.7,2019-10-22
439,Erin Martinez,Developer,52656.22,2020-04-14
440,Cynthia Hernandez,Developer,40828.04,2024-11-01
441,Paul Brown,HR,119367.95,2023-09-04
442,Timothy Gray,Manager,90410.85,2021-05-17
443,Christina Ramirez,HR,88286.86,2018-04-05
444,Erik Clay,Manager,104786.89,2025-01-21
445,Kelsey Maxwell,Analyst,86422.99,2015-10-09
446,Tracy Bailey,Developer,64790.63,2025-02-07
447,Christina Salazar,HR,103513.75,2019-11-25
448,Alexander English,Developer,31102.02,2023-12-20
449,Kurt Mendez,HR,52936.33,2021-04-09
450,Rachel Carter,HR,78407.92,2015-10-09
451,Garrett Moore,Analyst,95030.97,2023-09-10
452,Jenna Barker DVM,Manager,104356.38,2024-02-03
453,Keith Sullivan,HR,104910.62,2021-12-04
454,Edward Romero,Sales,69252.34,2024-07-02
455,Seth Lewis,Developer,105308.47,2023-04-07
456,Nicholas Gonzales,Analyst,65463.89,2019-07-16
457,Casey Smith,Sales,116512.16,2023-01-28
458,Brandon Baker,HR,118954.83,2024-12-05
459,Matthew Ingram,Sales,81371.76,2020-06-18
460,Joshua Sanchez,Manager,92301.31,2023-03-07
461,Brittany Davis,HR,50215.16,2016-05-14
462,Ashley Coleman,Manager,72946.07,2022-02-06
463,Karen Turner,Developer,60379.5,2022-04-29
464,Samantha Moss,Manager,77288.85,2016-05-11
465,Kristin Walker,Developer,78945.82,2016-01-08
466,Caleb Ingram,Sales,89494.49,2019-11-14
467,Alan Reyes,Manager,77305.18,2017-08-09
468,Damon Brown,Analyst,115140.35,2024-03-20
469,Jennifer Juarez,HR,109764.78,2016-03-21
470,Meghan Hill,HR,36532.38,2019-02-19
471,Eric Oliver,Manager,101045.84,2019-05-08
472,Nicholas Estrada,Analyst,64120.77,2015-10-07
473,Laura Morris,Sales,45346.64,2016-06-29
474,George Butler,HR,63826.63,2019-10-16
475,Laura Gonzales,Manager,70779.97,2016-03-30
476,Joseph Cox,HR,48755.15,2020-04-05
477,Andrew Gilmore,Manager,85569.6,2023-10-17
478,Nancy Harding,HR,111293.93,2018-01-12
479,Emily Barrera,HR,61536.8,2019-10-13
480,William Gutierrez,Manager,106281.97,2019-02-25
481,Joseph Santos,Sales,62298.26,2022-12-24
482,David Thomas,Analyst,111848.09,2022-09-16
483,Mr. Sean Chavez,Manager,46201.85,2018-11-22
484,Sara Beasley,Analyst,93191.16,2015-12-08
485,Charlene Phillips,Analyst,31830.41,2024-12-28
486,Susan Smith,Manager,35490.37,2024-02-29
487,Taylor Butler,Manager,60049.59,2024-10-10
488,Meghan Wilson,HR,50279.86,2020-03-16
489,Melody Scott,Developer,56088.5,2023-03-17
490,Mary Edwards,HR,95649.09,2024-07-21
491,Derrick Reed,Sales,78153.64,2018-10-07
492,Justin Anderson,Developer,73714.7,2019-06-30
493,Laura Fitzgerald,Manager,116818.68,2022-07-30
494,Sean Fields,Manager,117310.24,2020-09-10
495,Kimberly Smith,Manager,47872.88,2016-03-27
496,Adam Zamora,Manager,35853.98,2017-10-02
497,Amanda Klein,HR,45224.45,2023-04-03
498,Brooke Braun,Manager,37055.81,2018-12-29
499,Cynthia Lawrence,Analyst,104295.56,2017-06-27
500,Sheryl Wilson,Manager,71568.77,2019-12-12
501,Brittney Garrett,Sales,73026.82,2025-04-16
502,Jennifer Diaz,Developer,50672.54,2021-12-22
503,Ronald Thomas,Manager,34762.18,2022-12-06
504,Brittany Garcia,Manager,83279.74,2025-02-28
505,Dean Murphy,Developer,76221.91,2021-05-18
506,Haley Reeves,HR,88105.06,2019-04-27
507,Lauren Buchanan,Developer,39816.78,2017-03-20
508,Melissa Reid,Analyst,43239.54,2024-05-10
509,Stephen Ramsey,Manager,47957.59,2017-02-17
510,Margaret Bowers,Developer,62010.72,2017-09-21
511,Mary Tucker,Developer,54701.21,2018-08-23
512,Pamela Morton,Manager,53058.94,2020-08-12
513,Tiffany Morton,Manager,65126.75,2016-11-09
514,Jason Rodriguez,HR,69670.59,2017-05-02
515,Gregory Dodson,HR,36033.76,2020-04-06
516,Ruben Lowe,HR,47519.43,2021-09-06
517,Michael Harris,Analyst,65159.91,2023-08-15
518,James Stout,Sales,90008.87,2021-05-14
519,Larry Foster,Manager,35275.23,2023-06-29
520,Thomas Guerra,Manager,61551.05,2019-03-01
521,Alex Flores,Developer,69764.07,2016-11-04
522,Christine Mcintyre,Analyst,64789.45,2017-11-28
523,Sandra Phelps,Developer,49492.08,2020-06-02
524,Shannon Young,Developer,55272.44,2021-12-12
525,Erin Taylor,Manager,104051.39,2020-09-02
526,Christopher Morrison,Analyst,94809.45,2015-12-28
527,Jon Hammond,Developer,81627.69,2018-09-11
528,William Sampson,HR,76202.78,2017-01-04
529,Randy York,Sales,73334.01,2019-09-23
530,Christopher Hoffman,Sales,79805.72,2018-12-09
531,Curtis Mcdaniel,HR,60495.7,2019-07-09
532,Erica Roberts,Manager,34891.7,2015-07-09
533,Diane Kelly,Manager,114702.06,2019-05-27
534,Rebecca Cobb,Analyst,65929.78,2023-11-26
535,Justin Hicks,Sales,67308.74,2024-08-29
536,Miguel Friedman,Developer,115004.67,2018-01-02
537,Patrick Rowe,Analyst,70522.82,2016-08-20
538,Michael Phillips,Sales,34590.12,2021-01-30
539,Joshua Martinez,HR,72227.14,2017-03-21
540,Jennifer Flores,Analyst,99916.89,2018-11-16
541,Melissa Brown,Developer,33071.15,2023-02-18
542,Brenda Wilson,Manager,104714.68,2016-10-28
543,Veronica Huerta,HR,115187.71,2022-06-07
544,Christina Wagner,Analyst,119290.85,2020-09-06
545,Robin Smith,Sales,30980.49,2017-07-21
546,Deborah Stanton,Developer,92832.64,2018-09-19
547,Ronald Pierce,Developer,84563.91,2021-11-05
548,Andrea Hodge,Analyst,55347.03,2017-05-07
549,Herbert Hunter,Analyst,75801.11,2016-08-15
550,Michael Bass,Manager,86509.28,2021-04-09
551,Patricia Sanders,Sales,45273.43,2018-03-11
552,Michele English,Analyst,113226.49,2020-01-10
553,Luis Dean,Developer,89938.34,2023-08-07
554,Michelle Williams,HR,35623.68,2018-02-02
555,Jerome Gregory,Analyst,70705.47,2018-12-19
556,Matthew Brown,Manager,88809.28,2021-11-24
557,Matthew Camacho,Sales,32251.25,2018-07-22
558,Emily Herman,Analyst,35743.32,2023-09-14
559,Mr. Devin Maynard,Developer,41857.13,2024-10-28
560,Brittany Barton,HR,72500.68,2016-02-27
561,Garrett Nelson,Sales,76751.02,2018-07-13
562,Rachel Smith,Manager,50311.37,2025-03-27
563,Nicole Sims,Manager,96511.83,2021-11-07
564,Charles Watson,HR,33647.72,2022-03-06
565,Erica Thompson,Manager,73485.66,2018-06-07
566,Brandon Graham,Developer,58899.76,2016-04-02
567,Emily Robinson,Analyst,67463.71,2021-06-20
568,Michael Estes,Sales,71915.99,2019-03-15
569,Lori Long,Manager,107932.47,2024-09-07
570,Bianca Bryant,Analyst,39393.57,2015-10-17
571,Scott Berry,Analyst,57942.43,2016-05-29
572,Kayla Garcia,Developer,35301.62,2021-07-16
573,Dawn Hughes,HR,78582.54,2024-04-15
574,Aaron Newton,Analyst,109681.9,2016-11-30
575,David Wilson,Analyst,51183.74,2024-04-23
576,Ashley Barber,Developer,76175.26,2016-01-11
577,Philip Jones,Developer,43669.66,2022-11-16
578,Daniel Williamson,Analyst,77833.12,2022-03-05
579,Steven Lester,Developer,111635.05,2016-02-21
580,Christine Foster,Developer,109902.16,2015-07-24
581,Andrew Quinn,Developer,76648.18,2017-05-05
582,Ann Reynolds,Sales,95137.62,2016-05-18
583,Sarah Barnes,Sales,36871.11,2018-07-06
584,Rebecca Harrison,Sales,98008.02,2024-06-20
585,Johnathan Rowe,Developer,77209.12,2022-09-01
586,Morgan Lane,Analyst,77845.97,2020-07-12
587,Ms. Sara Matthews,Analyst,59589.94,2022-01-08
588,Nicole Cooper,Manager,64398.4,2024-05-24
589,Jeffrey Spencer,HR,57717.18,2019-07-30
590,Anthony Hatfield,Analyst,119643.25,2023-07-15
591,Colleen Martin,Analyst,102197.69,2016-07-20
592,Carol Henderson,Sales,100724.05,2019-02-14
593,Gregory Shepherd,Manager,68540.97,2021-08-07
594,Joe Phillips,HR,58543.51,2019-11-22
595,Michael Fisher,Manager,74861.79,2017-03-23
596,Jacqueline Perez,Sales,77088.26,2019-09-25
597,Isabella Smith,Analyst,72516.89,2021-07-30
598,Cathy Boyle,Sales,87589.43,2020-12-15
599,Christopher Lawrence,Sales,113772.39,2024-04-20
600,Brett Nelson,Sales,59321.77,2019-10-18
601,Maria Simmons,Manager,53569.23,2016-06-12
602,Jennifer Bryant,Sales,35665.63,2019-01-15
603,Sherry Guerra,Analyst,78369.98,2025-03-01
604,Wayne Warren,Sales,113079.38,2022-06-28
605,Sarah Robinson,Developer,118805.61,2024-01-17
606,Elizabeth Allen,HR,49924.12,2023-07-09
607,David Buchanan,Developer,43300.05,2025-04-01
608,Jack Richards,Analyst,100002.94,2021-12-29
609,Ashley Freeman,Sales,113491.94,2025-05-07
610,Megan Valencia,Analyst,73113.9,2016-01-19
611,Timothy Holloway,HR,65756.3,2018-07-01
612,Andrew Berry,Analyst,78054.63,2018-08-15
613,Linda Flores,Manager,61181.82,2022-02-03
614,James Wilkins,Sales,119300.6,2022-08-09
615,Taylor Martin,Sales,80008.59,2024-09-14
616,Martin Lopez,Sales,39866.33,2025-01-02
617,Jacob Dudley,Developer,54840.67,2024-03-16
618,Brian Martin,Developer,86314.37,2025-04-08
619,Bruce Guzman,Developer,71001.92,2020-12-13
620,Briana Bishop,Developer,81840.19,2017-01-12
621,Robert Cobb,Manager,110243.86,2025-02-14
622,Rachel Woods,Manager,47172.05,2019-05-16
623,Monica Johnson,Manager,71188.7,2016-05-30
624,Diana Quinn,Analyst,78848.98,2020-04-01
625,Julie Wallace PhD,Manager,48581.66,2021-08-24
626,Mark Richards,Developer,30392.52,2018-03-09
627,Robert Weaver,Developer,104327.88,2025-01-07
628,Patricia Krause,Manager,46817.68,2024-05-18
629,Ricardo Williams,Analyst,40548.01,2016-06-26
630,Adam Williams,Analyst,68218.3,2016-08-28
631,Catherine Walters,Developer,96129.78,2019-09-17
632,Christina Reyes,Analyst,87670.99,2023-08-09
633,Tiffany Mitchell,Manager,114906.27,2016-10-01
634,Lindsey Mccall,HR,39188.48,2018-11-20
635,Anthony Hunt,Sales,89691.29,2017-05-08
636,Maria Mercer,Developer,95689.7,2020-03-05
637,David Anderson,Developer,67528.94,2025-03-08
638,Bryan Kim,Manager,94659.21,2016-03-10
639,Riley Berry,HR,33081.28,2024-05-15
640,Alicia Williams,Manager,42308.45,2022-12-04
641,Stephanie Oneill,Manager,103762.33,2023-05-17
642,John Mata,Developer,93938.69,2019-05-21
643,David Cardenas,HR,60233.58,2020-08-08
644,Kristen Ross,Sales,97924.0,2025-03-15
645,Mary Bruce,Developer,112182.5,2022-02-13
646,Todd Young,HR,34312.03,2025-05-28
647,Daniel Petersen,Sales,105497.21,2021-05-03
648,Jennifer Henson,HR,76665.13,2017-12-21
649,Gina Hawkins,Analyst,38889.8,2022-01-14
650,James Reynolds,HR,84656.7,2024-08-18
651,Julie Brown,Manager,44166.04,2018-10-07
652,Michael Jordan,Developer,107990.5,2025-03-23
653,Dawn Day,Manager,32448.78,2023-03-11
654,Shannon Pena,Manager,36268.45,2019-07-08
655,Jon Gibson,Developer,39379.59,2018-06-20
656,Diane Sullivan,Analyst,33431.54,2023-01-25
657,Lynn King,Analyst,98320.77,2025-04-15
658,Gina Davidson,Sales,48680.17,2023-08-26
659,Wanda Marks,Developer,52696.9,2019-09-19
660,Mr. Andrew Warren Jr.,HR,108125.7,2023-03-04
661,Bryan Campos,Manager,81413.15,2024-02-25
662,Matthew Moran,Sales,89069.18,2021-12-23
663,Michelle Delgado,Developer,61332.94,2016-06-16
664,Emily Anderson,Manager,85067.54,2021-03-10
665,Kelsey Ellis,Developer,52290.08,2021-08-18
666,Erica Davis,Analyst,114587.91,2018-12-22
667,Jason Rodriguez,HR,106946.28,2019-01-19
668,Chad Myers,HR,65932.82,2019-08-18
669,David Villanueva,Manager,70905.82,2018-06-17
670,Melanie Livingston,HR,81983.26,2017-06-05
671,Dwayne Wilkerson,HR,47261.54,2022-04-03
672,Susan Wheeler,Sales,83653.11,2024-07-19
673,Nathan Scott DDS,Manager,81144.79,2019-03-01
674,Miss Katrina Evans MD,Sales,51847.73,2018-11-18
675,Cynthia Wolf,Sales,58353.76,2025-05-28
676,Ronald Clark,Developer,92624.52,2015-10-22
677,Joshua Lee,HR,37420.32,2016-10-11
678,Mark Velazquez,Sales,69806.5,2023-12-06
679,Carrie Rose,HR,101975.96,2021-02-21
680,Garrett Cantu,HR,45767.74,2022-04-09
681,Kayla Lee,Analyst,94906.69,2020-12-19
682,Nicholas Lawson,Analyst,39307.69,2017-12-15
683,Karen Moss,Analyst,85185.23,2022-10-03
684,Melissa Davis,Analyst,112863.79,2018-08-03
685,Nichole Hawkins,Sales,36616.77,2022-11-04
686,Tiffany Smith,Analyst,59367.71,2024-02-02
687,Danny Mayer,Developer,116758.2,2018-08-08
688,Valerie Owens,Developer,65397.14,2022-10-02
689,Jessica Davis,Sales,86578.22,2019-10-09
690,Deborah Schmitt,Sales,45577.34,2017-06-15
691,Maria Soto,Sales,80687.75,2023-10-01
692,Paul Gross,Analyst,62123.02,2025-01-28
693,Juan Cruz,Developer,73862.03,2015-12-14
694,Stephen Carr,Manager,60769.08,2019-02-23
695,Amanda Watson,Developer,99951.56,2024-12-19
696,Shirley Smith,Analyst,90965.64,2018-11-21
697,Alexis Watkins,Sales,71665.12,2021-10-01
698,Susan Chavez,HR,36682.1,2018-07-12
699,Amber Bailey,Sales,61660.26,2020-12-29
700,Anna Johnson,Manager,52672.95,2024-05-27
701,Jessica Molina,Analyst,33472.69,2022-08-09
702,Alex Allen,Sales,113128.86,2023-06-30
703,Cristina Hines,Analyst,55227.47,2017-09-07
704,Gwendolyn Dalton,HR,107832.62,2022-10-11
705,Stephanie Ramirez,Developer,61904.48,2024-06-09
706,Timothy Johnson,HR,51484.9,2024-09-27
707,Olivia Barber,HR,110254.78,2016-08-31
708,Ronald Brown,HR,106214.17,2023-03-29
709,Jennifer Anderson,HR,108223.14,2023-04-10
710,Victoria Monroe,Developer,90321.77,2023-09-01
711,John Schmidt,Developer,114466.64,2024-02-25
712,Sierra Morgan,HR,112885.62,2023-08-18
713,Michael Lopez,Developer,99625.77,2022-02-06
714,Joshua Sanchez,HR,66770.23,2017-01-09
715,Jonathan Avila,HR,72618.03,2022-05-01
716,Nathan Schmidt,HR,33502.09,2025-04-15
717,Keith Smith,Manager,40708.16,2022-11-23
718,Anthony Vang,Developer,87493.59,2022-10-28
719,Steven Waters,HR,77398.47,2016-09-04
720,Michael Brown,Analyst,95010.94,2024-01-04
721,Angela Roberts,HR,100236.42,2025-05-08
722,Dustin Fields,Manager,102216.26,2024-12-18
723,Christina Rodriguez,HR,76547.02,2019-02-19
724,Wesley Brown,HR,76161.59,2025-04-08
725,Sydney Hunt,Analyst,65213.58,2020-08-08
726,Holly Graham,Analyst,50382.29,2019-09-24
727,Christina Schmidt,Developer,89176.02,2019-10-22
728,Ian Gutierrez,Analyst,102377.18,2015-07-28
729,Brendan Ward,HR,59207.21,2017-10-13
730,Ashley Mills,Manager,80021.19,2017-07-28
731,Randy Haynes,Manager,104070.9,2024-05-25
732,Maria Contreras,Analyst,113318.63,2021-05-03
733,Brandon Terry,Sales,44924.48,2018-12-15
734,Bradley Wise,Developer,98004.19,2016-11-19
735,Diana Cervantes,Manager,34462.81,2021-06-28
736,Brian Castillo,Analyst,59703.9,2024-11-23
737,Benjamin Vaughan,Sales,31909.11,2019-04-29
738,Donna Glenn,Manager,118562.37,2021-12-10
739,Brendan Kim,Developer,118055.11,2015-11-27
740,Andrew Robinson,Analyst,32312.04,2018-05-21
741,Cory Price,Developer,48387.8,2017-12-17
742,Keith Harris,Analyst,72313.82,2023-04-07
743,Zachary Kelly,HR,101744.73,2023-12-21
744,Sandra Burke,Manager,70309.83,2023-10-27
745,Howard Wyatt,HR,106033.34,2017-02-11
746,Taylor Munoz,Analyst,31606.57,2022-04-05
747,Spencer Stanton,HR,118897.46,2024-07-15
748,Mary Moore,Sales,34224.78,2024-01-17
749,Stacie Warner,Analyst,41382.39,2024-08-01
750,Justin Green,Developer,114641.82,2021-01-13
751,Tracie Davidson,Manager,100928.72,2023-10-18
752,Cheryl Perez,Sales,84729.85,2019-05-27
753,Shane Miller,HR,33552.51,2023-07-08
754,Calvin Rodriguez,HR,113412.16,2017-11-20
755,Jason Jackson,Sales,110579.83,2021-10-01
756,Kari Alexander,Manager,67412.35,2021-06-13
757,Erin Conley,Developer,42181.91,2018-10-12
758,Amanda Brown,HR,89864.05,2016-11-30
759,Mrs. Katrina Martinez,HR,39415.54,2018-06-16
760,Danielle Berry,Sales,38887.71,2023-08-17
761,Kimberly Salas,Sales,79362.8,2017-03-05
762,Debra Chavez,Developer,30860.87,2016-12-29
763,Tammy Fox,Developer,62475.76,2020-07-24
764,Kathleen Haynes,Sales,39004.96,2015-08-17
765,Holly Welch,HR,76489.04,2019-05-18
766,Sarah Bailey,Developer,112430.7,2024-11-25
767,Elizabeth Norton,Sales,41081.47,2019-04-26
768,Brendan Lewis,Analyst,46906.1,2020-03-01
769,Janet Rodriguez,Sales,106969.56,2024-03-10
770,Vernon Brooks,Analyst,47497.55,2022-06-09
771,Joseph Santos,Analyst,33951.25,2019-03-18
772,Michael Hoover,HR,96690.38,2023-10-22
773,Samantha Davidson,Developer,81488.2,2025-02-04
774,Kevin Lopez,Developer,119108.59,2025-03-16
775,Victor Fitzgerald,Sales,92616.89,2024-02-05
776,Wayne Cline,Manager,119332.2,2019-10-31
777,Mary Bell,Manager,59129.65,2020-08-08
778,Melissa Moore,Analyst,103302.67,2021-10-13
779,Carol Chavez,Developer,48345.24,2021-04-04
780,Joseph Fitzgerald,Sales,74855.66,2015-10-06
781,Dana Deleon,Manager,52098.11,2023-07-31
782,Andrew Parker,HR,65807.73,2024-05-17
783,Ashley Dyer,Sales,109765.21,2020-08-15
784,Ian Horne,Analyst,85689.69,2024-09-16
785,Shannon Hale,Analyst,35496.83,2025-03-12
786,Anita Maynard,Sales,74293.34,2021-08-21
787,Christy Jennings,HR,75067.37,2022-07-09
788,Kendra Bell,Analyst,73920.27,2021-01-20
789,Eduardo Solis,Analyst,96520.89,2018-03-31
790,Jeremy Coleman,Sales,113235.38,2023-07-02
791,Tracy Allen,HR,48982.34,2021-04-23
792,Kathleen Collier,Developer,108003.6,2018-08-09
793,Billy Phillips,HR,36879.24,2020-02-23
794,Christopher Wilson,HR,42555.13,2017-05-23
795,Susan Harrington,Developer,50124.41,2023-07-13
796,Selena Hernandez,Analyst,67850.28,2022-03-17
797,Sharon Baker,HR,75511.8,2017-05-23
798,Kyle Ochoa,HR,68407.63,2015-10-01
799,Erin Delacruz,Manager,108202.08,2021-11-25
800,Kaitlyn Ferguson,Developer,117571.68,2021-04-28
801,James Adkins,Sales,30835.02,2015-08-19
802,Cynthia Banks,HR,113280.22,2019-12-05
803,Greg Wheeler,Sales,49771.42,2024-02-08
804,Allen Anderson,Manager,87420.31,2024-06-06
805,Justin Diaz,Sales,78853.8,2020-09-29
806,Gerald Harris,Analyst,41030.5,2018-10-06
807,Stacey Cobb,Developer,119484.5,2015-09-25
808,Emily Hamilton,Developer,37698.21,2015-07-08
809,Amy Baird,Manager,39061.86,2018-10-21
810,Alex Johnson,Manager,80422.01,2023-09-27
811,Jessica Saunders,Manager,37431.62,2022-10-26
812,Robert Oneill,Developer,95309.2,2023-11-18
813,Kathleen Reeves,HR,91181.39,2024-12-14
814,Michael Adams,HR,106388.29,2022-02-15
815,Dawn Williams,Manager,104371.01,2024-12-17
816,Michael Cook,Manager,61415.33,2020-03-01
817,Jared Lewis,Manager,111842.29,2020-01-23
818,Amanda Estrada,HR,101794.28,2019-11-08
819,Christy Hill,Developer,55815.41,2015-12-07
820,Jerry Green,Analyst,83638.46,2018-10-04
821,Mr. Lance Smith,Manager,89114.38,2023-05-06
822,Brandy Martin,HR,75205.93,2019-07-21
823,Thomas Mccoy,HR,83916.18,2025-03-06
824,Lauren Spencer,HR,113674.5,2020-09-22
825,Christopher Oliver,Developer,116301.32,2016-12-24
826,Sean Jordan,Developer,107872.43,2016-12-08
827,Kelly Miller,Sales,45661.48,2025-01-31
828,Emily Jones,Developer,92624.34,2024-06-04
829,Krystal Lopez,Analyst,38315.21,2023-01-21
830,Elizabeth Brooks,Analyst,78416.25,2020-01-23
831,Aaron Gomez,Sales,49432.97,2023-08-30
832,Gary Hensley,Analyst,71938.17,2018-01-16
833,Richard Williams,Manager,46275.3,2025-01-07
834,Melissa Moore,HR,40975.08,2020-01-17
835,Maria Meyers,HR,40017.29,2023-01-28
836,Robert Davidson,Manager,40646.56,2025-02-22
837,James Mitchell,Analyst,73986.12,2020-12-29
838,Amanda Moore,Analyst,88916.61,2023-11-12
839,Ryan Fuentes,Manager,94853.2,2021-04-11
840,Stacy Nguyen,Manager,58208.98,2018-08-02
841,Matthew Anderson,HR,35059.83,2016-04-04
842,Alicia Weaver,Analyst,54376.89,2018-09-05
843,Joshua Dixon,HR,95711.19,2018-04-02
844,Emily Shaw,Developer,66791.86,2022-11-29
845,Kristen Stone,Sales,77969.37,2015-11-22
846,Nichole Woods,HR,93591.54,2025-05-06
847,Henry Brandt,Manager,96913.68,2017-08-09
848,Natasha King,HR,46158.66,2024-05-21
849,Heidi Scott,Manager,111536.09,2023-11-19
850,Larry Marquez,Analyst,87275.83,2018-10-25
851,Shane Roberts,Manager,62123.41,2020-09-27
852,Andrew Hill,Sales,78479.68,2021-07-05
853,Howard Ortega,Analyst,88014.47,2021-11-17
854,Katherine Burke,HR,109589.93,2018-10-26
855,Christian Ortiz,Sales,57622.84,2015-08-20
856,Patrick Morris,Manager,39709.92,2017-10-26
857,Jeffrey Sullivan,Sales,32090.26,2018-05-08
858,William Atkins,Sales,55272.23,2020-03-28
859,Sara Austin,Analyst,89467.39,2016-04-07
860,Matthew Roberts,Analyst,33595.31,2020-06-27
861,Katrina Harris,Developer,62299.57,2023-01-08
862,Danielle Jennings,Developer,104308.06,2015-12-24
863,Kathy Harris,HR,65609.61,2018-01-10
864,Kelly Black,Manager,76675.69,2021-10-16
865,Mary Zamora,HR,93266.12,2019-02-25
866,Ryan Love,Developer,91157.76,2016-11-17
867,Timothy Fuentes,Sales,35933.53,2023-09-12
868,Chase Stewart,Manager,46372.98,2022-05-18
869,Patrick Kennedy,Analyst,63785.74,2024-09-10
870,Wendy Taylor,Analyst,113733.06,2020-10-17
871,Brittany Vang,Sales,94353.87,2017-01-11
872,Heidi Kelly,Analyst,97586.0,2019-02-21
873,Jennifer Williams,HR,69846.51,2023-10-31
874,Anthony Stewart,Analyst,115051.42,2024-01-24
875,Paige Cummings,Sales,97459.95,2017-08-01
876,Joshua Farrell,Sales,76670.21,2022-01-16
877,Mark Roy,Sales,97024.66,2019-11-28
878,Shawn Wood,Developer,112736.7,2018-10-10
879,Cathy Rush,Analyst,79513.89,2018-11-23
880,Dr. Jonathan Mccann,Developer,56799.01,2024-12-15
881,James Harris,Developer,35866.71,2018-05-08
882,Alan Robinson,HR,32825.81,2019-01-24
883,Maria Mcintosh,Analyst,101822.31,2020-10-20
884,William Cooper,Developer,78382.8,2025-01-20
885,Stephen Clark,Analyst,30179.47,2024-01-13
886,Linda Horton,HR,74359.35,2020-05-02
887,Matthew Elliott,HR,37132.37,2023-08-09
888,Christopher Taylor,Sales,101862.58,2017-05-07
889,Ashley White,HR,104445.86,2022-05-15
890,Gregory Giles,Manager,78713.42,2018-07-12
891,Bobby Wilson,Manager,107810.53,2016-04-19
892,John Ramirez,Developer,86997.19,2017-03-03
893,Alicia Castillo,HR,83319.89,2023-05-07
894,Christopher Wilson,Analyst,66040.65,2017-09-13
895,Robert Day,HR,103630.04,2018-06-28
896,Jonathan Mcdonald,Sales,37908.14,2019-01-29
897,Deborah Freeman,Sales,60644.46,2022-12-09
898,Sara Jarvis,HR,34343.14,2015-07-19
899,Christine Bennett,Manager,111476.66,2021-12-17
900,Travis Perez,Analyst,88274.67,2024-04-27
901,April Graham,Analyst,98849.11,2023-04-19
902,David Cochran,Analyst,95702.67,2016-08-27
903,Brenda Manning,Manager,118766.49,2015-12-15
904,Shannon Wood,Manager,101801.25,2018-10-02
905,Nicole Holmes,Sales,44872.66,2025-01-24
906,Steven Jones,Sales,47824.65,2022-12-09
907,Tracy King,Developer,70141.87,2023-10-10
908,Pamela Lewis MD,Developer,51528.52,2016-07-14
909,Dr. Douglas Kelly,HR,62049.43,2024-09-24
910,Jeremy Clark,Manager,48574.46,2019-08-21
911,Jennifer Rogers,Developer,89502.0,2016-03-26
912,Jeffrey Braun,Developer,57658.95,2016-09-02
913,Steven Wilcox,Developer,89809.1,2023-11-09
914,Kimberly Brown,Developer,77448.04,2022-10-31
915,Francis Price,Manager,101228.11,2017-11-07
916,Craig Alvarez,Analyst,42996.8,2019-01-20
917,Jose Collier,HR,70384.76,2020-11-06
918,Sharon Stanton,HR,97114.98,2016-08-27
919,Renee Maxwell,HR,52015.98,2022-04-03
920,Nichole Fox,Manager,95519.68,2019-01-02
921,Alan Fischer,Sales,57238.69,2022-01-10
922,Gordon Kirk,Developer,69469.38,2023-03-28
923,Jasmine Rogers,Analyst,64627.15,2024-11-27
924,Robert Sims,Manager,43948.78,2017-12-26
925,Nicole Floyd,HR,44237.78,2023-12-31
926,Robin Spence,Developer,108034.11,2017-09-17
927,Alicia Wright MD,HR,44128.96,2024-03-22
928,Jeffrey Small,Manager,68049.53,2016-09-07
929,Carl Robles,Developer,45683.83,2020-11-19
930,Melinda Weiss,Sales,86805.69,2016-04-10
931,Jason Barnes,Sales,69417.87,2016-12-05
932,Caitlin Murray,Manager,83137.68,2024-07-21
933,Monica Williams,Sales,92290.82,2017-10-01
934,Mr. Ronald Frazier DVM,Developer,101027.08,2019-04-17
935,Randy Morris,Sales,83385.95,2022-05-30
936,Mark Vang,Developer,84300.8,2016-11-03
937,Nicholas Carney,Sales,37489.94,2016-07-19
938,Jennifer Wright,Manager,75474.92,2020-02-01
939,Wesley Foster,Manager,104330.38,2022-10-11
940,Emily Powell,Developer,99418.25,2024-10-10
941,Tamara Park,Sales,92597.95,2018-11-29
942,Michael Miles,Sales,35134.89,2019-02-18
943,Christopher Martinez,Developer,82897.6,2018-05-08
944,Adam Sutton,HR,48577.95,2023-11-16
945,Robert Duarte,Analyst,49510.97,2024-08-26
946,Robert Williams,Sales,78223.57,2020-12-02
947,Joel Reed,Analyst,81327.98,2016-02-15
948,Dr. Evelyn Cummings DDS,Developer,35498.66,2017-10-29
949,Anthony Williams,HR,110221.46,2018-06-10
950,Kelly Phillips,Manager,47650.85,2022-12-21
951,Cory Case,Analyst,41608.95,2016-11-05
952,Billy Hanson,Analyst,82963.88,2020-07-06
953,Katherine Hall,Developer,54333.8,2019-09-27
954,Tonya Horn,Manager,91854.55,2019-03-29
955,Jackie Smith,Sales,36241.1,2017-08-26
956,Mr. Jake Owens MD,Analyst,80427.72,2020-02-04
957,Penny Fuller,HR,33006.76,2020-04-28
958,Ryan Key,Sales,38667.81,2020-02-26
959,John Mccarthy,Developer,89387.74,2020-09-12
960,Anthony Hall,HR,32891.66,2019-09-14
961,Daniel Miranda,Sales,58570.88,2018-08-12
962,Damon Rojas,Sales,92018.01,2024-06-16
963,Dennis Schwartz,HR,40511.19,2015-10-29
964,Margaret Gomez,Sales,38897.52,2017-04-15
965,Eric Baker,Analyst,84709.35,2022-10-27
966,Kristy Roth,HR,110670.61,2024-11-04
967,Sheila Cuevas,Developer,78137.34,2020-11-05
968,Harold Humphrey,HR,95055.51,2024-11-10
969,Kimberly Holmes,Developer,118679.27,2024-05-06
970,Jessica Roberts,Analyst,105319.39,2024-07-04
971,Shane Trevino,HR,79446.17,2017-03-03
972,Samantha Harris,Sales,75573.02,2024-01-13
973,Cameron Baxter,Analyst,93145.72,2020-01-18
974,Desiree Harris,Sales,108327.16,2024-08-25
975,Samantha Morris,Developer,34236.04,2019-05-05
976,Kathleen Stewart MD,HR,46726.69,2025-01-13
977,James Jones,Manager,79607.93,2022-06-22
978,Amanda Brown,HR,95870.22,2024-06-04
979,Beth Wilkins,Manager,81772.85,2017-01-16
980,Heather Andrews,HR,59330.58,2019-01-24
981,Pamela Gonzalez,Manager,114037.07,2022-07-29
982,Jenna Long,Manager,87895.97,2015-08-04
983,Valerie Wilson,Developer,65235.85,2022-09-27
984,Jose Padilla,Sales,58720.52,2025-06-26
985,Tammy Rodgers,Manager,72940.69,2017-11-27
986,Daniel Davenport,Manager,76166.83,2018-11-19
987,Patty Moore DDS,HR,45687.63,2021-11-24
988,Dana Young,Manager,80561.58,2020-02-25
989,Ryan Burke,HR,93892.41,2017-09-30
990,Amy Hampton,Analyst,95300.74,2018-06-17
991,Julie Gaines,Manager,45196.45,2022-02-01
992,Gabriel Hayes,HR,43044.65,2016-07-04
993,Rachel Dillon,Developer,79666.8,2024-05-06
994,David Davis,Sales,84131.25,2023-12-21
995,Dr. Amber Taylor MD,Developer,64784.01,2024-05-10
996,Molly Woods,Analyst,84506.4,2024-03-10
997,Cheryl Cameron,Sales,109677.46,2025-05-14
998,Donna Marks,Sales,64982.91,2017-06-26
999,Maria Cooke,Analyst,59017.09,2016-02-01
1000,Micheal Taylor,Sales,51405.93,2021-11-08
